"","Player","Tm","Pos","MP","FG","FGP","X3P","X3PP","FTP","AST","ORB","DRB","STL","BLK"
"1","MINIMUM","MINIMUM","MINIMUM","1","0","0","0","0","0","0","0","0","0","0"
"2","MAXIMUM","MAXIMUM","MAXIMUM","37.5","10.9","100","4.4","100","100","10.2","4.6","11.4","2.1","2.9"
"3","Steven Adams","OKC","C","26.7","4.5","59.2","0","33.3","58.2","2.3","3.3","6","0.8","1.1"
"4","Bam Adebayo","MIA","PF","33.6","6.1","55.7","0","14.3","69.1","5.1","2.4","7.8","1.1","1.3"
"5","LaMarcus Aldridge","SAS","C","33.1","7.4","49.3","1.2","38.9","82.7","2.4","1.9","5.5","0.7","1.6"
"6","Kyle Alexander","MIA","PF","6.5","0.5","50","0","0","0","0","1","0.5","0","0"
"7","Nickeil Alexander-Walker","NOP","SG","12.6","2.1","36.8","1","34.6","67.6","1.9","0.2","1.6","0.4","0.2"
"8","Grayson Allen","MEM","SG","18.9","3.1","46.6","1.5","40.4","86.7","1.4","0.2","2","0.3","0.1"
"9","Jarrett Allen","BRK","C","26.5","4.3","64.9","0","0","63.3","1.6","3.1","6.5","0.6","1.3"
"10","Kadeem Allen","NYK","SG","11.7","1.9","43.2","0.5","31.3","63.6","2.1","0.2","0.7","0.5","0.2"
"11","Al-Farouq Aminu","ORL","PF","21.1","1.4","29.1","0.5","25","65.5","1.2","1.3","3.5","1","0.4"
"12","Justin Anderson","BRK","SF","10.7","1","26.3","0.6","20.7","50","0.8","0.1","2","0","0.6"
"13","Kyle Anderson","MEM","PF","19.9","2.3","47.4","0.4","28.2","66.7","2.4","0.9","3.4","0.8","0.6"
"14","Ryan Anderson","HOU","C","7","1","28.6","0.5","20","0","1","0","3.5","0.5","0"
"15","Giannis Antetokounmpo","MIL","PF","30.4","10.9","55.3","1.4","30.4","63.3","5.6","2.2","11.4","1","1"
"16","Kostas Antetokounmpo","LAL","PF","4","0.6","100","0","0","50","0.4","0.4","0.2","0","0"
"17","Thanasis Antetokounmpo","MIL","SF","6.5","1.2","50","0","0","41.2","0.8","0.6","0.6","0.4","0.1"
"18","Carmelo Anthony","POR","PF","32.8","5.8","43","1.5","38.5","84.5","1.5","1.2","5.1","0.8","0.5"
"19","OG Anunoby","TOR","SF","29.9","4.1","50.5","1.3","39","70.6","1.6","1.2","4.1","1.4","0.7"
"20","Ryan Arcidiacono","CHI","PG","16","1.6","40.9","0.9","39.1","71.1","1.7","0.3","1.6","0.5","0.1"
"21","Trevor Ariza","TOT","SF","28.2","2.7","43.8","1.5","37.2","83.8","1.7","0.6","4","1.3","0.3"
"22","Trevor Ariza","SAC","SF","24.7","2","38.8","1.3","35.2","77.8","1.6","0.7","3.9","1.1","0.2"
"23","Trevor Ariza","POR","SF","33.4","3.7","49.1","1.6","40","87.2","2","0.6","4.1","1.6","0.4"
"24","D.J. Augustin","ORL","PG","24.9","3.2","39.9","1.2","34.8","89","4.6","0.4","1.8","0.6","0"
"25","Deandre Ayton","PHO","C","32.5","8.2","54.6","0.1","23.1","75.3","1.9","3.9","7.6","0.7","1.5"
"26","Dwayne Bacon","CHO","SG","17.6","2.2","34.8","0.5","28.4","66","1.3","0.4","2.2","0.6","0.1"
"27","Marvin Bagley III","SAC","PF","25.7","6","46.7","0.3","18.2","80.6","0.8","2.2","5.2","0.5","0.9"
"28","Lonzo Ball","NOP","PG","32.1","4.4","40.3","2.3","37.5","56.6","7","1.1","5","1.4","0.6"
"29","Mo Bamba","ORL","C","14.2","2.1","46.2","0.6","34.6","67.4","0.7","1.6","3.3","0.4","1.4"
"30","J.J. Barea","DAL","PG","15.5","2.9","41.1","1.1","37.6","90.9","3.9","0.3","1.5","0.2","0.1"
"31","Harrison Barnes","SAC","PF","34.5","5.1","46","1.4","38.1","80.1","2.2","1.1","3.9","0.6","0.2"
"32","RJ Barrett","NYK","SG","30.4","5.2","40.2","1.1","32","61.4","2.6","0.9","4.1","1","0.3"
"33","Will Barton","DEN","SF","33","5.7","45","1.9","37.5","76.7","3.7","1.3","5","1.1","0.5"
"34","Keita Bates-Diop","TOT","SF","16.9","2.3","42.7","0.8","33","72","0.7","0.6","2.3","0.4","0.5"
"35","Keita Bates-Diop","MIN","SF","17.5","2.4","42.2","0.8","33","70.8","0.8","0.6","2.4","0.5","0.5"
"36","Keita Bates-Diop","DEN","SF","14","1.9","46.4","0.4","33.3","80","0","0.6","1.9","0.3","0.6"
"37","Nicolas Batum","CHO","SF","23","1.3","34.6","0.6","28.6","90","3","1.1","3.4","0.8","0.4"
"38","Aron Baynes","PHO","C","22.2","4.4","48","1.4","35.1","74.7","1.6","1.7","4","0.2","0.5"
"39","Kent Bazemore","TOT","SF-SG","24.8","2.9","37.5","1.2","34.4","76.9","1.4","0.4","3.9","1.1","0.6"
"40","Kent Bazemore","POR","SF","25.8","2.6","34.7","1.3","32.7","80.6","1.4","0.3","3.7","1","0.7"
"41","Kent Bazemore","SAC","SG","23.1","3.5","41.8","1.1","38.4","73.3","1.3","0.6","4.3","1.2","0.4"
"42","Darius Bazley","OKC","PF","18.5","2","39.4","0.8","34.8","69.4","0.7","0.5","3.5","0.4","0.7"
"43","Bradley Beal","WAS","SG","36","10.4","45.5","3","35.3","84.2","6.1","0.9","3.3","1.2","0.4"
"44","Malik Beasley","TOT","SG","22","4.1","42.5","1.9","38.8","81.8","1.4","0.3","2.4","0.7","0.1"
"45","Malik Beasley","DEN","SG","18.2","2.9","38.9","1.4","36","86.8","1.2","0.2","1.7","0.8","0.1"
"46","Malik Beasley","MIN","SG","33.1","7.9","47.2","3.5","42.6","75","1.9","0.6","4.4","0.6","0.1"
"47","Marco Belinelli","SAS","SG","15.5","2.2","39.2","1.2","37.6","82.8","1.2","0.1","1.6","0.2","0"
"48","Jordan Bell","TOT","C-PF","8.8","1.2","52.2","0.1","33.3","61.3","0.6","1","1.8","0.1","0.3"
"49","Jordan Bell","MIN","C","8.7","1.2","53.3","0.1","22.2","58.6","0.5","1","1.9","0.1","0.4"
"50","Jordan Bell","MEM","PF","10.5","1.5","42.9","1","66.7","100","1","1","0.5","0.5","0"
"51","DeAndre' Bembry","ATL","SG","21.3","2.4","45.6","0.3","23.1","54.2","1.9","0.8","2.7","1.3","0.4"
"52","Dragan Bender","TOT","SF","17.9","2.6","44.6","0.9","34.9","71.4","1.8","1","3.6","0.3","0.6"
"53","Dragan Bender","MIL","SF","13","1.4","47.6","0.6","44.4","66.7","1.3","0","2.9","0","0.7"
"54","Dragan Bender","GSW","SF","21.7","3.4","43.7","1.2","32.4","72.7","2.1","1.8","4.1","0.4","0.4"
"55","Dāvis Bertāns","WAS","PF","29.3","4.9","43.4","3.7","42.4","85.2","1.7","0.6","3.9","0.7","0.6"
"56","Patrick Beverley","LAC","PG","26.3","2.9","43.1","1.6","38.8","66","3.6","1.1","4.1","1.1","0.5"
"57","Khem Birch","ORL","C","19.2","1.5","51","0","0","65.3","1","1.9","2.7","0.4","0.5"
"58","Goga Bitadze","IND","C","8.7","1.3","46.7","0.1","19","72.7","0.4","0.5","1.5","0.2","0.7"
"59","Bismack Biyombo","CHO","C","19.4","2.8","54.3","0","0","60.3","0.9","2.3","3.5","0.2","0.9"
"60","Nemanja Bjelica","SAC","PF","27.9","4.4","48.1","1.9","41.9","82.1","2.8","1.5","4.8","0.9","0.6"
"61","Eric Bledsoe","MIL","PG","27","5.5","47.5","1.2","34.4","79","5.4","0.7","3.9","0.9","0.4"
"62","Bogdan Bogdanović","SAC","SG","29","5.5","44","2.7","37.2","74.1","3.4","0.4","3","1","0.2"
"63","Bojan Bogdanović","UTA","SF","33.1","6.6","44.7","3","41.4","90.3","2.1","0.6","3.5","0.5","0.1"
"64","Bol Bol","DEN","SF","12.4","2","50","0.6","44.4","80","0.9","0.7","2","0.3","0.9"
"65","Jonah Bolden","TOT","PF","6.7","0.6","36.4","0","0","50","0","0.4","0.9","0.4","0.3"
"66","Jonah Bolden","PHI","PF","3.5","0.5","66.7","0","0","0","0","0","0.3","0.3","0"
"67","Jonah Bolden","PHO","PF","11","0.7","25","0","0","100","0","1","1.7","0.7","0.7"
"68","Marques Bolden","CLE","C","3","0","0","0","0","0","0","0","2","1","0"
"69","Jordan Bone","DET","PG","5.3","0.5","25","0.2","20","0","0.8","0","0.4","0.1","0"
"70","Isaac Bonga","WAS","SF","18.9","1.8","50.4","0.4","35.2","81.2","1.2","1.1","2.3","0.7","0.3"
"71","Devin Booker","PHO","SG","35.9","9","48.9","2","35.4","91.9","6.5","0.4","3.8","0.7","0.3"
"72","Chris Boucher","TOR","PF","13.2","2.3","47.2","0.6","32.2","78.4","0.4","1.7","2.7","0.4","1"
"73","Brian Bowen","IND","SG","5.2","0.5","30","0","0","0","0","0.2","1","0","0.2"
"74","Ky Bowman","GSW","PG","22.6","3","41.7","0.7","30.8","82.9","2.9","0.5","2.2","1","0.2"
"75","Avery Bradley","LAL","SG","24.2","3.5","44.4","1.3","36.4","83.3","1.3","0.4","2","0.9","0.1"
"76","Tony Bradley","UTA","C","11.4","2.2","66.7","0.1","100","65.2","0.4","1.9","2.7","0.2","0.6"
"77","Jarrell Brantley","UTA","PF","10.7","1.1","35.7","0.3","23.1","50","1.2","0.2","2","0.3","0.6"
"78","Ignas Brazdeikis","NYK","SF","5.9","0.7","27.3","0.1","11.1","80","0.4","0.2","0.3","0","0.1"
"79","Corey Brewer","SAC","SG","6.6","0.4","50","0","0","33.3","0.4","0.4","1.2","0.8","0"
"80","Mikal Bridges","PHO","SF","28","3.4","51","1","36.1","84.4","1.8","0.9","3.1","1.4","0.6"
"81","Miles Bridges","CHO","SF","30.7","4.9","42.4","1.5","33","80.9","1.8","1.4","4.2","0.6","0.7"
"82","Oshae Brissett","TOR","SF","7.1","0.7","36.1","0.2","20","80","0.4","0.5","0.9","0.2","0.1"
"83","Ryan Broekhoff","DAL","SG","10.6","1.3","37.3","1.2","39.2","87.5","0.6","0.3","2.2","0.3","0.2"
"84","Malcolm Brogdon","IND","PG","30.9","6","43.8","1.4","32.6","89.2","7.1","0.9","4","0.6","0.2"
"85","Dillon Brooks","MEM","SG","28.9","6","40.7","2","35.8","80.8","2.1","0.9","2.4","0.9","0.4"
"86","Bruce Brown","DET","SG","28.2","3.4","44.3","0.6","34.4","73.9","4","1.1","3.7","1.1","0.5"
"87","Charlie Brown","ATL","SG","4","0.6","31.6","0.3","33.3","100","0.2","0.2","0.2","0.2","0.2"
"88","Jaylen Brown","BOS","SF","33.9","7.5","48.1","2.3","38.2","72.4","2.1","1.1","5.3","1.1","0.4"
"89","Moses Brown","POR","C","3.7","0.4","40","0","0","37.5","0.1","0.3","1.2","0.1","0.1"
"90","Sterling Brown","MIL","SF","14.8","1.8","37.1","0.8","32.4","80","1","0.6","2.9","0.6","0.1"
"91","Troy Brown Jr.","WAS","SG","25.8","4","43.9","0.9","34.1","78.4","2.6","1.1","4.4","1.2","0.1"
"92","Jalen Brunson","DAL","PG","17.9","3.2","46.6","0.8","35.8","81.3","3.3","0.4","2","0.4","0.1"
"93","Thomas Bryant","WAS","C","24.9","5.3","58.1","0.8","40.7","74.1","1.8","2.1","5.1","0.5","1.1"
"94","Reggie Bullock","NYK","SG","23.6","3.1","40.2","1.3","33.3","81","1.4","0.4","1.9","0.9","0.1"
"95","Trey Burke","TOT","PG","15.8","2.8","45","1","42.7","79.3","2.5","0.5","1","0.5","0.1"
"96","Trey Burke","PHI","PG","13.2","2.4","46.5","0.6","42.1","72.2","2.1","0.6","0.8","0.3","0"
"97","Trey Burke","DAL","PG","23.9","4.4","42.7","2","43.2","90.9","3.8","0.1","1.8","1.1","0.1"
"98","Alec Burks","TOT","SG","26.6","4.9","41.8","1.8","38.5","88.7","2.9","0.7","3.5","0.9","0.3"
"99","Alec Burks","GSW","SG","29","5.1","40.6","1.8","37.5","89.7","3.1","0.8","3.9","1","0.4"
"100","Alec Burks","PHI","SG","20.2","4.3","46.1","1.8","41.6","82.9","2.1","0.6","2.5","0.7","0"
"101","Deonte Burton","OKC","SG","9.1","1.1","34.4","0.3","18.9","57.1","0.4","0.2","1.3","0.2","0.3"
"102","Jimmy Butler","MIA","SF","33.8","5.9","45.5","0.5","24.4","83.4","6","1.8","4.8","1.8","0.6"
"103","Bruno Caboclo","TOT","C","8.1","1.3","42.7","0.2","18.2","88.9","0.4","0.8","1.2","0.5","0.6"
"104","Bruno Caboclo","MEM","C","8.7","1.3","40.6","0.2","16","66.7","0.5","0.8","1.2","0.5","0.5"
"105","Bruno Caboclo","HOU","C","6.5","1.3","50","0.3","25","100","0.3","0.8","1.3","0.6","0.6"
"106","Devontae Cacok","LAL","C","9","3","50","0","0","0","1","2","3","0","0"
"107","Kentavious Caldwell-Pope","LAL","SG","25.5","3.4","46.7","1.3","38.5","77.5","1.6","0.6","1.5","0.8","0.2"
"108","Vlatko Čančar","DEN","SF","3.2","0.4","40","0.1","16.7","100","0.2","0.4","0.4","0.1","0.1"
"109","Clint Capela","HOU","C","32.8","6.3","62.9","0","0","52.9","1.2","4.3","9.5","0.8","1.8"
"110","DeMarre Carroll","TOT","SF-PF","12.1","1","37.9","0.3","24.2","69","1","0.5","1.8","0.3","0.2"
"111","DeMarre Carroll","SAS","SF","9","0.6","31","0.2","23.1","60","0.7","0.5","1.6","0.1","0.1"
"112","DeMarre Carroll","HOU","PF","17.2","1.8","43.2","0.6","25","77.3","1.6","0.6","2.1","0.7","0.3"
"113","Jevon Carter","PHO","PG","16.3","1.7","41.6","1.1","42.5","85.2","1.4","0.5","1.5","0.8","0.3"
"114","Vince Carter","ATL","SF","14.6","1.8","35.2","1","30.2","79.3","0.8","0.3","1.8","0.4","0.4"
"115","Wendell Carter Jr.","CHI","C","29.2","4.3","53.4","0.1","20.7","73.7","1.2","3.2","6.2","0.8","0.8"
"116","Michael Carter-Williams","ORL","SG","18.5","2.5","42.7","0.5","29.3","83.2","2.4","1","2.2","1.1","0.5"
"117","Alex Caruso","LAL","PG","18.4","1.9","41.2","0.6","33.3","73.4","1.9","0.3","1.7","1.1","0.3"
"118","Willie Cauley-Stein","TOT","C","20.3","3.2","57.9","0","0","60.6","1.3","1.6","4.3","0.9","1.1"
"119","Willie Cauley-Stein","GSW","C","22.9","3.5","56","0","0","61.4","1.5","1.7","4.5","1.1","1.2"
"120","Willie Cauley-Stein","DAL","C","12.1","2.4","68.9","0","0","55.6","0.8","1","3.6","0.3","0.8"
"121","Tyson Chandler","HOU","C","8.4","0.5","77.8","0","0","46.2","0.2","1","1.6","0.2","0.3"
"122","Wilson Chandler","BRK","SF","21","2.1","40.4","1.1","30.6","87","1.1","0.3","3.8","0.5","0.3"
"123","Joe Chealey","CHO","PG","8.3","0","0","0","0","100","0.3","0","0","1","0"
"124","Zylan Cheatham","NOP","SF","12.8","1.5","66.7","0","0","0","0.8","0.8","1.5","0.3","0.3"
"125","Chris Chiozza","TOT","PG","14.3","2","39.3","1","37.5","100","3","0.3","1.6","0.8","0.1"
"126","Chris Chiozza","WAS","PG","12.3","1","29.4","0.7","43.8","0","2.8","0","1.5","1","0.2"
"127","Chris Chiozza","BRK","PG","15.4","2.5","42.5","1.1","35.7","100","3.1","0.5","1.6","0.6","0.1"
"128","Marquese Chriss","GSW","PF","20.3","3.6","54.5","0.1","20.5","76.9","1.9","1.9","4.3","0.7","1.1"
"129","Gary Clark","TOT","PF","13.5","1.3","40.6","0.9","35.1","90","0.4","0.9","1.7","0.1","0.5"
"130","Gary Clark","HOU","PF","11.8","1.3","39","1","35.3","85.7","0.7","0.6","1.6","0.1","0.4"
"131","Gary Clark","ORL","PF","14.8","1.3","41.9","0.9","35","100","0.2","1.1","1.8","0.2","0.6"
"132","Brandon Clarke","MEM","PF","22.4","5.1","61.8","0.4","35.9","75.9","1.4","1.6","4.4","0.6","0.8"
"133","Jordan Clarkson","TOT","SG","24","5.5","45.4","2.1","36.8","83.6","1.9","0.7","1.9","0.6","0.2"
"134","Jordan Clarkson","CLE","SG","23","5","44.2","2","37.1","88.4","2.4","0.7","1.7","0.6","0.3"
"135","Jordan Clarkson","UTA","SG","24.7","6","46.2","2.2","36.6","78.5","1.6","0.7","2.1","0.7","0.2"
"136","Nicolas Claxton","BRK","PF","12.5","1.8","56.3","0.1","14.3","52.4","1.1","1.3","1.7","0.1","0.5"
"137","Chris Clemons","HOU","SG","8.8","1.7","40.1","1.1","34.6","90.9","0.8","0.1","0.8","0.3","0.2"
"138","Antonius Cleveland","DAL","SG","4.2","0.4","28.6","0","0","60","0.1","0.2","0.5","0.1","0.3"
"139","Amir Coffey","LAC","SG","8.8","1.3","42.6","0.3","31.6","54.5","0.8","0.2","0.7","0.3","0.1"
"140","John Collins","ATL","PF","33.2","8.6","58.3","1.4","40.1","80","1.5","2.8","7.3","0.8","1.6"
"141","Zach Collins","POR","PF","26.4","2.9","47.1","0.6","36.8","75","1.5","2.3","4","0.5","0.5"
"142","Mike Conley","UTA","PG","29","4.9","40.9","2","37.5","82.7","4.4","0.7","2.5","0.8","0.1"
"143","Pat Connaughton","MIL","SG","18.6","2","45.5","0.8","33.1","77.5","1.6","0.9","3.3","0.4","0.5"
"144","Quinn Cook","LAL","PG","11.5","2.1","42.5","0.7","36.5","78.6","1.1","0.3","0.9","0.3","0"
"145","Tyler Cook","TOT","PF","4.2","0.6","66.7","0","0","87.5","0.1","0.5","0.6","0.2","0"
"146","Tyler Cook","CLE","PF","3.2","0.6","70","0","0","83.3","0.1","0.4","0.5","0.1","0"
"147","Tyler Cook","DEN","PF","9.5","0.5","50","0","0","100","0","1","1","1","0"
"148","Robert Covington","TOT","PF-C","30.5","4.4","42.2","2.3","33.5","79.8","1.3","0.9","5.7","1.6","1.3"
"149","Robert Covington","MIN","PF","29.4","4.5","43.5","2.3","34.6","79.8","1.2","0.8","5.2","1.7","0.9"
"150","Robert Covington","HOU","C","33","4","39.2","2.4","31.5","80","1.5","1.2","6.8","1.6","2.2"
"151","Allen Crabbe","TOT","SG","17.6","1.7","35.6","1","30.3","71.4","0.9","0.3","1.8","0.4","0.1"
"152","Allen Crabbe","ATL","SG","18.6","1.9","36.4","1.1","32.3","75","1","0.4","2","0.5","0.1"
"153","Allen Crabbe","MIN","SG","14.6","1.2","32.4","0.7","23.1","50","0.6","0.1","1.2","0","0"
"154","Torrey Craig","DEN","SF","18.5","2.1","46.1","0.8","32.6","61.1","0.8","1.1","2.2","0.4","0.6"
"155","Jamal Crawford","BRK","SG","6","2","50","1","50","0","3","0","0","0","0"
"156","Jae Crowder","TOT","SF","28.8","3.5","40.1","2.1","34.3","77.6","2.5","0.8","5.1","1.1","0.4"
"157","Jae Crowder","MEM","SF","29.4","3.3","36.8","1.7","29.3","78.9","2.8","0.9","5.3","1","0.3"
"158","Jae Crowder","MIA","SF","27.7","4","48.2","2.9","44.5","73.3","1.8","0.6","4.8","1.3","0.5"
"159","Jarrett Culver","MIN","SG","23.9","3.7","40.4","1","29.9","46.2","1.7","1.1","2.3","0.9","0.6"
"160","Seth Curry","DAL","SG","24.6","4.4","49.5","2.3","45.2","82.5","1.9","0.4","1.8","0.6","0.1"
"161","Stephen Curry","GSW","PG","27.8","6.6","40.2","2.4","24.5","100","6.6","0.8","4.4","1","0.4"
"162","Troy Daniels","TOT","SG","11.3","1.5","38.7","1","34.8","62.5","0.4","0.3","0.9","0.2","0.1"
"163","Troy Daniels","LAL","SG","11.1","1.5","39.2","1","35.7","62.5","0.3","0.3","0.8","0.2","0.1"
"164","Troy Daniels","DEN","SG","12.7","1.7","35.7","1","30","0","0.5","0","1","0.5","0"
"165","Anthony Davis","LAL","PF","34.4","8.9","50.3","1.2","33","84.6","3.2","2.3","7","1.5","2.3"
"166","Ed Davis","UTA","C","10.8","0.8","47.8","0","0","50","0.4","1.3","2.5","0.4","0.3"
"167","Terence Davis","TOR","SG","16.8","2.8","45.6","1.3","38.8","86.4","1.6","0.7","2.6","0.5","0.2"
"168","Dewayne Dedmon","TOT","C","17.6","2.3","40","0.5","20.6","83.3","0.5","1.4","4.3","0.6","0.9"
"169","Dewayne Dedmon","SAC","C","15.9","2","40.4","0.4","19.7","82.1","0.4","1.4","3.6","0.4","0.8"
"170","Dewayne Dedmon","ATL","C","23.3","3.3","39.3","0.8","22.2","87.5","0.7","1.4","6.8","1","1.5"
"171","Matthew Dellavedova","CLE","PG","14.4","1.1","35.4","0.4","23.1","86.5","3.2","0.3","1","0.4","0"
"172","DeMar DeRozan","SAS","SF","34.1","8.2","53.1","0.1","25.7","84.5","5.6","0.6","4.9","1","0.3"
"173","Cheick Diallo","PHO","C","10.2","2","64.8","0","33.3","87.2","0.5","0.6","2.1","0.2","0.3"
"174","Hamidou Diallo","OKC","SF","19.5","2.9","44.6","0.3","28.1","60.3","0.8","1","2.7","0.8","0.2"
"175","Gorgui Dieng","TOT","C","17.4","2.6","45.6","0.9","35.5","77.2","1.2","1.4","4.2","0.8","0.9"
"176","Gorgui Dieng","MIN","C","16.9","2.7","44.8","1","38.3","79.7","1.3","1.6","4","0.8","0.9"
"177","Gorgui Dieng","MEM","C","18.7","2.5","48.3","0.5","25","73.8","0.9","1.1","4.7","0.8","1"
"178","Spencer Dinwiddie","BRK","SG","31.2","6.6","41.5","1.9","30.8","77.8","6.8","0.5","3","0.6","0.3"
"179","Donte DiVincenzo","MIL","SG","23","3.5","45.5","1.3","33.6","73.3","2.3","1","3.8","1.3","0.3"
"180","Luka Dončić","DAL","PG","33.6","9.5","46.3","2.8","31.6","75.8","8.8","1.3","8.1","1","0.2"
"181","Luguentz Dort","OKC","SG","22.8","2.4","39.4","0.8","29.7","79.2","0.8","0.7","1.6","0.9","0.1"
"182","Damyean Dotson","NYK","SG","17.4","2.5","41.4","1.2","36.2","66.7","1.2","0.2","1.7","0.5","0.1"
"183","Sekou Doumbouya","DET","SF","19.8","2.4","39","0.7","28.6","67.4","0.5","0.5","2.6","0.5","0.2"
"184","PJ Dozier","DEN","PG","14.2","2.2","41.4","0.6","34.7","72.4","2.2","0.3","1.6","0.5","0.2"
"185","Goran Dragić","MIA","PG","28.2","5.4","44.1","2.1","36.7","77.6","5.1","0.5","2.7","0.7","0.2"
"186","Andre Drummond","TOT","C","33","7.3","53.3","0.1","14.3","57.5","2.7","4.4","10.8","1.9","1.6"
"187","Andre Drummond","DET","C","33.8","7.3","53","0","4.8","58.4","2.8","4.6","11.2","2","1.7"
"188","Andre Drummond","CLE","C","28.1","7.3","55.2","0.5","28.6","51.3","1.8","3","8.1","1.5","1.4"
"189","Jared Dudley","LAL","SF","8.1","0.5","40","0.4","42.9","100","0.6","0.1","1","0.3","0.1"
"190","Kris Dunn","CHI","PG","24.9","3","44.4","0.6","25.9","74.1","3.4","0.5","3.2","2","0.3"
"191","Carsen Edwards","BOS","SG","9.5","1.1","32.8","0.6","31.6","68.4","0.6","0.2","1.1","0.3","0.1"
"192","Henry Ellenson","BRK","PF","3","0.2","14.3","0","0","0","0.2","0.4","0.8","0","0"
"193","Wayne Ellington","NYK","SG","15.5","1.7","35.1","1.4","35","84.6","1.2","0.1","1.7","0.4","0.1"
"194","Joel Embiid","PHI","C","29.5","7.5","47.7","1.1","33.1","80.7","3","2.8","8.9","0.9","1.3"
"195","James Ennis","TOT","SF","18.3","2.3","44.6","0.8","32.5","80.6","0.9","1","2.5","0.5","0.3"
"196","James Ennis","PHI","SF","15.8","2","44.2","0.8","34.9","78.7","0.8","1","2.1","0.5","0.3"
"197","James Ennis","ORL","SF","24.5","3","45.1","0.9","28.6","83.8","1.1","1.2","3.6","0.6","0.4"
"198","Drew Eubanks","SAS","PF","12.4","2","64.2","0","100","76.9","0.7","1.3","2.6","0.2","0.8"
"199","Jacob Evans","TOT","SG","14.4","1.6","33.6","0.4","33.3","86.2","1.1","0.3","1.1","0.4","0.4"
"200","Jacob Evans","GSW","SG","15.3","1.7","33.8","0.5","34.2","86.2","1.1","0.3","1.2","0.4","0.4"
"201","Jacob Evans","MIN","SG","2","0","0","0","0","0","0","0","0","0","0"
"202","Dante Exum","TOT","SG","13.9","1.6","47.1","0.4","34.9","74.4","1.1","0.3","1.6","0.4","0.2"
"203","Dante Exum","UTA","SG","7.5","0.9","43.5","0.2","33.3","100","0.6","0.3","0.8","0.1","0.2"
"204","Dante Exum","CLE","SG","16.8","1.9","47.9","0.5","35.1","73.2","1.4","0.4","1.9","0.5","0.3"
"205","Tacko Fall","BOS","C","4.7","1.6","78.6","0","0","33.3","0.1","0.1","2","0.1","0.6"
"206","Derrick Favors","NOP","C","24.4","4.1","61.7","0","14.3","56.3","1.6","3.2","6.6","0.6","0.9"
"207","Cristiano Felício","CHI","PF","17.5","1.5","63","0","0","78.3","0.7","2.5","2.1","0.5","0.1"
"208","Terrance Ferguson","OKC","SF","22.4","1.4","35.5","0.9","29.2","75","0.9","0.4","0.9","0.5","0.3"
"209","Bruno Fernando","ATL","C","12.7","1.8","51.8","0.1","13.5","56.9","0.9","1.2","2.3","0.3","0.3"
"210","Yogi Ferrell","SAC","PG","10.6","1.6","42","0.5","30.4","85.7","1.4","0.1","0.9","0.4","0.1"
"211","Dorian Finney-Smith","DAL","PF","29.9","3.4","46.6","1.6","37.6","72.2","1.6","2","3.7","0.6","0.5"
"212","Bryn Forbes","SAS","SG","25.1","3.8","41.7","2.3","38.8","83.3","1.7","0.2","1.8","0.5","0"
"213","Evan Fournier","ORL","SG","31.5","6.6","46.7","2.6","39.9","81.8","3.2","0.3","2.3","1.1","0.2"
"214","De'Aaron Fox","SAC","PG","32","7.7","48","1.1","29.2","70.5","6.8","0.7","3.2","1.5","0.5"
"215","Melvin Frazier","ORL","SG","6.6","0.8","44.1","0.4","50","50","0.2","0.1","0.4","0.5","0.1"
"216","Michael Frazier","HOU","SG","11.2","0.5","24.1","0.3","17.4","64.3","0.2","0.1","0.7","0.2","0"
"217","Tim Frazier","DET","PG","13.1","1.3","36.2","0.4","33.3","79.2","3.4","0.3","0.9","0.5","0.1"
"218","Markelle Fultz","ORL","PG","27.7","5","46.5","0.5","26.7","73","5.1","0.6","2.7","1.3","0.2"
"219","Wenyen Gabriel","TOT","PF","7.8","0.7","43.8","0.2","30","68.2","0.3","0.7","1","0.4","0.2"
"220","Wenyen Gabriel","SAC","PF","5.5","0.5","35.3","0.1","12.5","60","0.3","0.4","0.5","0.3","0.2"
"221","Wenyen Gabriel","POR","PF","9.2","0.8","48.4","0.3","41.7","75","0.3","0.9","1.3","0.4","0.3"
"222","Daniel Gafford","CHI","C","14.2","2.2","70.1","0","0","53.3","0.5","1.2","1.3","0.3","1.3"
"223","Danilo Gallinari","OKC","PF","29.6","5.8","43.8","2.9","40.5","89.3","1.9","0.5","4.6","0.7","0.1"
"224","Langston Galloway","DET","SG","25.8","3.6","43.5","2","39.9","85.9","1.5","0.5","1.8","0.7","0.2"
"225","Darius Garland","CLE","PG","30.9","4.7","40.1","1.8","35.5","87.5","3.9","0.5","1.4","0.7","0.1"
"226","Marc Gasol","TOR","C","26.4","2.7","42.7","1.3","38.5","73.5","3.3","0.7","5.5","0.8","0.9"
"227","Rudy Gay","SAS","PF","21.8","4","44.6","1.1","33.6","88.2","1.7","0.9","4.5","0.5","0.5"
"228","Paul George","LAC","SF","29.6","7.1","43.9","3.3","41.2","87.6","3.9","0.5","5.2","1.4","0.4"
"229","Taj Gibson","NYK","C","16.5","2.7","58.4","0.1","28.6","73.2","0.8","1.8","2.5","0.4","0.5"
"230","Harry Giles","SAC","PF","14.5","3","55.4","0","0","77.6","1.3","0.9","3.2","0.5","0.4"
"231","Shai Gilgeous-Alexander","OKC","SG","34.7","6.8","47.1","1.2","34.7","80.7","3.3","0.7","5.2","1.1","0.7"
"232","Rudy Gobert","UTA","C","34.3","5.7","69.3","0","0","63","1.5","3.4","10.1","0.8","2"
"233","Brandon Goodwin","ATL","PG","12.6","2.2","40","0.8","29.9","93.3","1.5","0.3","1.8","0.4","0.1"
"234","Aaron Gordon","ORL","PF","32.5","5.4","43.7","1.2","30.8","67.4","3.7","1.7","5.9","0.8","0.6"
"235","Eric Gordon","HOU","SF","28.2","4.8","36.9","2.7","31.7","76.6","1.5","0.3","1.7","0.6","0.4"
"236","Devonte' Graham","CHO","PG","35.1","5.8","38.2","3.5","37.3","82","7.5","0.7","2.7","1","0.2"
"237","Treveon Graham","TOT","SG","16.9","1.6","36","0.6","27.5","64.3","0.8","0.9","1.8","0.4","0.1"
"238","Treveon Graham","MIN","SG","20.1","1.9","35.4","0.6","24.1","73","0.9","0.9","2.2","0.5","0.1"
"239","Treveon Graham","ATL","SG","12.1","1.1","37.3","0.6","35.1","47.4","0.7","1","1.3","0.3","0.2"
"240","Jerami Grant","DEN","PF","26.6","4.3","47.8","1.4","38.9","75","1.2","0.8","2.7","0.7","0.8"
"241","Jerian Grant","WAS","PG","13.3","1.7","37","0.3","25","71.4","1.5","0.3","0.7","0.2","0.2"
"242","Josh Gray","NOP","PG","11.5","0.5","50","0","0","0","1","0.5","0.5","0","0"
"243","Danny Green","LAL","SG","24.8","2.9","41.6","1.8","36.7","68.8","1.3","0.8","2.6","1.3","0.5"
"244","Draymond Green","GSW","PF","28.4","2.9","38.9","0.8","27.9","75.9","6.2","0.5","5.7","1.4","0.8"
"245","JaMychal Green","LAC","PF","20.7","2.4","42.9","1.5","38.7","75","0.8","1.2","4.9","0.5","0.4"
"246","Javonte Green","BOS","SF","9.8","1.3","50","0.2","27.3","66.7","0.5","0.5","1.4","0.5","0.2"
"247","Jeff Green","TOT","PF-C","20","3.3","46.2","1.3","33.9","80.2","1","0.5","2.3","0.5","0.4"
"248","Jeff Green","UTA","PF","18.4","2.5","38.5","1.1","32.7","77.8","0.7","0.5","2.2","0.4","0.3"
"249","Jeff Green","HOU","C","22.6","4.7","56.4","1.6","35.4","85.7","1.7","0.6","2.3","0.8","0.5"
"250","Blake Griffin","DET","PF","28.4","4.9","35.2","1.5","24.3","77.6","3.3","0.9","3.7","0.4","0.4"
"251","Marko Guduric","MEM","SG","11","1.4","39.5","0.6","30.1","92.3","1","0.3","1.3","0.3","0.2"
"252","Kyle Guy","SAC","SG","3.3","0.7","40","0","0","0","0.3","0","0.3","0","0"
"253","Rui Hachimura","WAS","PF","30.1","5.3","46.6","0.5","28.7","82.9","1.8","1.6","4.5","0.8","0.2"
"254","Devon Hall","OKC","SG","7.4","0.5","20","0.4","23.5","50","1.2","0.2","0.5","0.4","0.1"
"255","Donta Hall","TOT","PF","14.8","1.7","68.2","0","0","50","0.4","1.6","2.7","0.3","0.7"
"256","Donta Hall","DET","PF","12","0.3","25","0","0","66.7","0.5","1.5","2.3","0.3","0.3"
"257","Donta Hall","BRK","PF","17","2.8","77.8","0","0","41.7","0.4","1.6","3","0.4","1"
"258","Dusty Hannahs","MEM","SG","6.5","2","44.4","1","66.7","100","0","0","0.5","0","0"
"259","Tim Hardaway Jr.","DAL","SG","29.5","5.4","43.4","2.9","39.8","81.9","1.9","0.4","2.9","0.6","0.1"
"260","James Harden","HOU","SG","36.5","9.9","44.4","4.4","35.5","86.5","7.5","1","5.5","1.8","0.9"
"261","Maurice Harkless","TOT","SF","23","2.3","50.2","0.5","34.7","59.1","1.1","0.9","3","0.9","0.5"
"262","Maurice Harkless","LAC","SF","22.8","2.2","51.6","0.5","37","57.1","1","0.9","3.1","1","0.6"
"263","Maurice Harkless","NYK","SF","23.8","2.5","45.5","0.6","28","62.5","1.7","0.7","2.7","0.8","0.3"
"264","Jared Harper","PHO","PG","2.7","0.3","25","0","0","0","0","0","0","0","0"
"265","Montrezl Harrell","LAC","C","27.8","7.5","58","0","0","65.8","1.7","2.6","4.5","0.6","1.1"
"266","Gary Harris","DEN","SG","31.8","3.9","42","1.3","33.3","81.5","2.1","0.5","2.4","1.4","0.3"
"267","Joe Harris","BRK","SF","30.8","5.5","48.6","2.5","42.4","71.9","2.1","0.9","3.4","0.6","0.2"
"268","Tobias Harris","PHI","PF","34.3","7.7","47.1","1.8","36.7","80.6","3.2","1","5.9","0.7","0.6"
"269","Shaquille Harrison","CHI","SF","11.3","1.8","46.7","0.4","38.1","78","1.1","0.5","1.5","0.8","0.4"
"270","Josh Hart","NOP","SF","27","3.5","42.3","1.9","34.2","73.9","1.7","0.9","5.6","1","0.4"
"271","Isaiah Hartenstein","HOU","C","11.6","1.9","65.7","0","0","67.9","0.8","1.3","2.7","0.4","0.5"
"272","Udonis Haslem","MIA","PF","11","1","36.4","0.3","33.3","75","0.3","0.3","3.8","0","0"
"273","Jaxson Hayes","NOP","C","16.9","2.7","67.2","0","25","64.7","0.9","1.5","2.5","0.4","0.9"
"274","Gordon Hayward","BOS","SF","33.5","6.7","50","1.6","38.3","85.5","4.1","1.1","5.6","0.7","0.4"
"275","John Henson","TOT","PF","15","2.4","55.6","0.2","22.2","50","1.4","1.2","2.9","0.6","1.1"
"276","John Henson","CLE","PF","14.2","2.1","50.8","0.2","19.4","51.5","1.5","1.1","2.8","0.6","1.1"
"277","John Henson","DET","PF","17.1","3.1","66.7","0.2","40","46.2","1","1.3","3.1","0.7","0.9"
"278","Dewan Hernandez","TOR","C","4.7","0.8","35.7","0.2","50","60","0.5","0.8","1.5","0.2","0"
"279","Juan Hernangómez","TOT","PF","17.4","2.1","40.5","0.9","34.1","62","0.8","0.9","3.2","0.4","0.2"
"280","Juan Hernangómez","DEN","PF","12.4","1.1","34.5","0.4","25","64","0.6","0.7","2.1","0.1","0.1"
"281","Juan Hernangómez","MIN","PF","29.4","4.4","45.3","2.1","42","60.9","1.3","1.4","5.9","1","0.3"
"282","Willy Hernangómez","CHO","C","12.1","2.4","53.2","0.2","22.7","62.7","0.9","1.4","2.9","0.3","0.2"
"283","Tyler Herro","MIA","SG","27.4","4.9","42.8","2.1","38.9","87","2.2","0.3","3.8","0.6","0.2"
"284","Kevin Hervey","OKC","PF","5.2","0.7","25.9","0.3","15","0","0.5","0.1","1.1","0.1","0.1"
"285","Mario Hezonja","POR","PF","16.4","1.7","42.2","0.5","30.8","81.4","0.9","0.6","2.9","0.7","0.2"
"286","Buddy Hield","SAC","SG","30.8","6.9","42.9","3.8","39.4","84.6","3","0.8","3.8","0.9","0.2"
"287","George Hill","MIL","PG","21.5","3.3","51.6","1.4","46","84.2","3.1","0.8","2.2","0.8","0.1"
"288","Solomon Hill","TOT","SF","18.4","1.9","39.6","1.1","36.8","74.1","1.8","0.5","2.3","0.7","0.2"
"289","Solomon Hill","MEM","SF","18.8","2","41.2","1.2","38.1","68.4","2","0.5","2.5","0.6","0.1"
"290","Solomon Hill","MIA","SF","17","1.3","31.1","0.6","29.2","87.5","0.9","0.5","1.5","1.1","0.5"
"291","Jaylen Hoard","POR","SF","7.9","1.2","46.9","0","0","61.5","0.3","1.1","1.4","0.4","0"
"292","Aaron Holiday","IND","PG","24.5","3.5","41.4","1.3","39.4","85.1","3.4","0.3","2","0.8","0.2"
"293","Jrue Holiday","NOP","SG","34.7","7.5","45.5","2","35.3","70.9","6.7","1.3","3.5","1.6","0.8"
"294","Justin Holiday","IND","SG","25","2.8","42.8","1.8","40.5","79.1","1.3","0.4","2.8","1.2","0.6"
"295","Rondae Hollis-Jefferson","TOR","SF","18.7","2.6","47.1","0.1","13","73.4","1.8","1.8","2.9","0.8","0.4"
"296","Richaun Holmes","SAC","C","28.2","5.1","64.8","0","0","78.8","1","2.9","5.3","0.9","1.3"
"297","Rodney Hood","POR","SF","29.5","4.1","50.6","1.7","49.3","77.8","1.5","0.5","3","0.8","0.2"
"298","Al Horford","PHI","C","30.2","4.8","45","1.5","35","76.3","4","1.5","5.3","0.8","0.9"
"299","Talen Horton-Tucker","LAL","SG","13.5","2.3","46.7","0.7","30.8","50","1","0.3","0.8","1.3","0.2"
"300","Danuel House","HOU","SF","30.4","3.7","42.7","2","36.3","81.1","1.3","0.9","3.3","1.1","0.5"
"301","Dwight Howard","LAL","C","18.9","2.9","72.9","0","60","51.4","0.7","2.5","4.9","0.4","1.1"
"302","William Howard","HOU","PF","6.5","0","0","0","0","0","0.5","0","1","0","0"
"303","Kevin Huerter","ATL","SG","31.4","4.5","41.3","2.3","38","82.8","3.8","0.6","3.4","0.9","0.5"
"304","De'Andre Hunter","ATL","SF","32","4.4","41","1.7","35.5","76.4","1.8","0.7","3.8","0.7","0.3"
"305","Chandler Hutchison","CHI","SF","18.8","2.9","45.7","0.4","31.6","59","0.9","0.6","3.2","1","0.3"
"306","Serge Ibaka","TOR","C","27","6.2","51.2","1.3","38.5","71.8","1.4","2.1","6.1","0.5","0.8"
"307","Andre Iguodala","MIA","SG","19.9","1.8","43.2","0.7","29.8","40","2.4","0.8","2.9","0.7","1"
"308","Ersan İlyasova","MIL","PF","15.7","2.3","46.6","0.8","36.5","82.8","0.8","1","3.8","0.4","0.3"
"309","Joe Ingles","UTA","SF","29.7","3.4","44.5","2","39.9","78.7","5.2","0.4","3.5","0.9","0.2"
"310","Brandon Ingram","NOP","PF","33.9","8.2","46.3","2.4","39.1","85.1","4.2","0.8","5.3","1","0.6"
"311","Kyrie Irving","BRK","PG","32.9","10","47.8","2.8","39.4","92.2","6.4","1.1","4.1","1.4","0.5"
"312","Jonathan Isaac","ORL","SF","28.8","4.6","47","0.9","34","77.9","1.4","1.7","5.1","1.6","2.3"
"313","Wesley Iwundu","ORL","SF","18.3","1.9","41.6","0.5","34.1","80.4","1.2","0.5","2.1","0.5","0.3"
"314","Frank Jackson","NOP","PG","13.5","2.3","40.5","0.8","32.6","74.7","1","0.4","1","0.3","0.1"
"315","Jaren Jackson Jr.","MEM","C","28.5","6.2","46.9","2.5","39.4","74.7","1.4","1","3.6","0.7","1.6"
"316","Josh Jackson","MEM","SG","17.3","3.2","44","1","31.9","70","1.6","0.5","2.5","0.8","0.4"
"317","Justin Jackson","DAL","PF","16.1","2.1","39.6","0.7","29.4","84","0.8","0.4","2","0.2","0.2"
"318","Reggie Jackson","TOT","PG","24","4.3","41.1","1.8","39.3","83.3","4.1","0.5","2.4","0.4","0.2"
"319","Reggie Jackson","DET","PG","27.2","5.4","38.4","2.2","37.8","78.8","5.1","0.8","2.1","0.6","0.1"
"320","Reggie Jackson","LAC","PG","21.3","3.4","45.3","1.5","41.3","90.5","3.2","0.4","2.6","0.3","0.2"
"321","Justin James","SAC","SG","6.4","1","41.7","0.3","31","47.6","0.5","0.2","0.7","0.2","0.3"
"322","LeBron James","LAL","PG","34.6","9.6","49.3","2.2","34.8","69.3","10.2","1","6.9","1.2","0.5"
"323","Amile Jefferson","ORL","PF","4.1","0.3","35.7","0","0","35.7","0.2","0.6","0.7","0.1","0.2"
"324","DaQuan Jeffries","SAC","SG","10.8","1.5","50","0.4","27.8","83.3","0.5","0.2","1.2","0.3","0.1"
"325","Ty Jerome","PHO","PG","10.6","1.2","33.6","0.5","28","75","1.4","0.2","1.3","0.5","0.1"
"326","Alize Johnson","IND","SF","6.9","0.7","41.4","0.2","37.5","70","0.4","0.9","1.9","0.2","0.1"
"327","B.J. Johnson","ORL","SF","8.3","0.9","28.1","0.3","33.3","90","0.3","0.3","1.2","0.3","0"
"328","Cameron Johnson","PHO","PF","22","3.1","43.5","1.9","39","80.7","1.2","0.9","2.4","0.6","0.4"
"329","James Johnson","TOT","PF","19.3","3.2","47.9","1","36.3","64.6","2.3","0.8","2.9","0.8","1"
"330","James Johnson","MIA","PF","15.6","2.2","44.8","0.9","35.6","57.1","1.2","0.4","2.4","0.3","0.7"
"331","James Johnson","MIN","PF","24.1","4.6","50","1.2","37","67.6","3.8","1.2","3.5","1.4","1.4"
"332","Keldon Johnson","SAS","SF","17.7","3.1","59.6","0.8","59.1","79.5","0.9","0.6","2.8","0.8","0.1"
"333","Stanley Johnson","TOR","PF","6","0.9","37.3","0.3","29.2","56.3","0.8","0.3","1.2","0.2","0.2"
"334","Tyler Johnson","TOT","SG","18.2","2.5","38.8","1","31.9","84","1.9","0.5","1.5","0.4","0.2"
"335","Tyler Johnson","PHO","SG","16.6","2.1","38","0.8","28.9","75","1.6","0.3","1.4","0.4","0.3"
"336","Tyler Johnson","BRK","SG","24.3","4","40.5","1.8","38.9","100","3","1","2","0.5","0.1"
"337","Nikola Jokić","DEN","C","32","7.7","52.8","1.1","31.4","81.7","7","2.3","7.5","1.2","0.6"
"338","Damian Jones","ATL","C","16.1","2.2","68","0","22.2","73.8","0.6","1.3","2.4","0.5","0.7"
"339","Derrick Jones Jr.","MIA","SF","23.3","3.1","52.7","0.6","28","77.2","1.1","1.1","2.8","1","0.6"
"340","Tyus Jones","MEM","PG","19","3","45.9","0.7","37.9","74.1","4.4","0.1","1.4","0.9","0.1"
"341","DeAndre Jordan","BRK","C","22","3.4","66.6","0","0","68","1.9","2.5","7.5","0.3","0.9"
"342","Cory Joseph","SAC","PG","24.4","2.4","41.5","0.8","35.2","85.7","3.5","0.6","2","0.7","0.3"
"343","Mfiondu Kabengele","LAC","C","5.3","1.2","43.8","0.8","45","100","0.2","0.1","0.8","0.2","0.2"
"344","Frank Kaminsky","PHO","C","19.9","3.5","45","1.1","33.1","67.8","1.9","0.9","3.6","0.4","0.3"
"345","Enes Kanter","BOS","C","16.9","3.4","57.2","0","14.3","70.7","1","2.8","4.6","0.4","0.7"
"346","Luke Kennard","DET","SG","32.9","5.4","44.2","2.6","39.9","89.3","4.1","0.3","3.2","0.4","0.2"
"347","Stanton Kidd","UTA","SF","3.8","0","0","0","0","0","0.3","0","0.8","0","0"
"348","Michael Kidd-Gilchrist","TOT","SF-PF","11.2","0.9","33.3","0.2","25","78.6","0.6","0.6","2.1","0.1","0.2"
"349","Michael Kidd-Gilchrist","CHO","PF","13.3","1.5","34","0.4","29.4","77.8","0.8","0.8","2.2","0","0.3"
"350","Michael Kidd-Gilchrist","DAL","SF","9.3","0.3","30.8","0","0","80","0.3","0.4","2.1","0.2","0.2"
"351","Louis King","DET","SF","6.2","0.8","38.1","0.4","36.4","0","0.5","0.1","0.9","0.2","0"
"352","Maxi Kleber","DAL","C","25.5","3.2","46.1","1.6","37.3","84.9","1.2","1.5","3.7","0.3","1.1"
"353","Brandon Knight","TOT","PG","18.5","2.4","35.3","1.8","34.4","58.8","2.8","0.2","1.5","0.4","0.1"
"354","Brandon Knight","CLE","PG","15.1","1.8","32.6","1.2","29.7","30.8","1.9","0.2","1.1","0.3","0.1"
"355","Brandon Knight","DET","PG","24.6","3.4","38.3","2.9","38.8","76.2","4.2","0.1","2.2","0.6","0.1"
"356","Kevin Knox","NYK","SF","17.9","2.2","35.9","1","32.7","65.3","0.9","0.4","2.4","0.4","0.4"
"357","John Konchar","MEM","SG","9.5","1.3","64.9","0.3","50","50","1.2","0.9","1.5","0.4","0.2"
"358","Furkan Korkmaz","PHI","SG","21.7","3.4","43","2","40.2","75.5","1.1","0.3","2.1","0.6","0.2"
"359","Luke Kornet","CHI","C","15.5","2.3","43.9","0.9","28.7","71.4","0.9","0.6","1.7","0.3","0.7"
"360","Kyle Korver","MIL","SF","16.6","2.2","43","1.7","41.8","85.4","1.2","0.3","1.8","0.4","0.2"
"361","Rodions Kurucs","BRK","PF","14.6","1.7","44.6","0.7","36.7","63.2","1.1","0.5","2.4","0.5","0.1"
"362","Kyle Kuzma","LAL","PF","25","4.8","43.6","1.4","31.6","73.5","1.3","0.9","3.6","0.5","0.4"
"363","Skal Labissière","POR","C","17.2","2.5","55.1","0.1","23.1","75.8","1.3","2","3.2","0.2","0.9"
"364","Jeremy Lamb","IND","SG","28.1","4.7","45.1","1.2","33.5","83.6","2.1","0.5","3.8","1.2","0.5"
"365","Romeo Langford","BOS","SG","11.6","0.9","35","0.2","18.5","72","0.4","0.5","0.8","0.3","0.3"
"366","Zach LaVine","CHI","SG","34.8","9","45","3.1","38","80.2","4.2","0.7","4.1","1.5","0.5"
"367","Vic Law","ORL","SF","7.8","0.8","33.3","0.1","14.3","33.3","0.4","0.3","1.1","0.3","0"
"368","Jake Layman","MIN","PF","22","3.5","45.3","1","33.3","75","0.7","0.7","1.7","0.7","0.4"
"369","T.J. Leaf","IND","PF","7.9","1.3","41.9","0.2","27.8","43.8","0.3","0.8","1.7","0.4","0.1"
"370","Jalen Lecque","PHO","PG","6.4","0.8","40","0","0","100","0.4","0","0.4","0","0"
"371","Courtney Lee","DAL","SG","14.4","1.7","48.8","0.9","44.7","85.7","0.5","0.3","1","0.8","0.3"
"372","Damion Lee","GSW","SG","29","4.3","41.7","1.7","35.6","87.3","2.7","0.7","4.2","1","0.1"
"373","Alex Len","TOT","C","17.6","3.2","55.5","0.3","27.1","64.8","0.9","1.8","4","0.4","0.9"
"374","Alex Len","ATL","C","18.6","3.6","54.6","0.4","25","63","1.1","1.7","4","0.5","0.8"
"375","Alex Len","SAC","C","15","2.3","59.3","0.1","66.7","70.8","0.5","2.1","4","0.2","1"
"376","Kawhi Leonard","LAC","SF","32.4","9.3","47","2.2","37.8","88.6","4.9","0.9","6.1","1.8","0.6"
"377","Meyers Leonard","MIA","C","20.3","2.3","50.9","1","41.4","64.3","1.1","0.6","4.5","0.3","0.3"
"378","Caris LeVert","BRK","SG","29.6","6.9","42.5","1.8","36.4","71.1","4.4","1.1","3.1","1.2","0.2"
"379","Damian Lillard","POR","PG","37.5","9.5","46.3","4.1","40.1","88.8","8","0.5","3.8","1.1","0.3"
"380","Nassir Little","POR","PF","11.9","1.4","43","0.3","23.7","63.6","0.5","0.6","1.6","0.3","0.3"
"381","Kevon Looney","GSW","C","13.1","1.5","36.7","0.1","7.1","75","1","1.4","1.9","0.6","0.3"
"382","Brook Lopez","MIL","C","26.7","4.3","43.5","1.5","31.4","83.6","1.5","0.9","3.7","0.7","2.4"
"383","Robin Lopez","MIL","C","14.5","2.2","49.2","0.5","33.3","52.8","0.7","0.8","1.6","0.2","0.7"
"384","Kevin Love","CLE","PF","31.8","5.8","45","2.6","37.4","85.4","3.2","1","8.8","0.6","0.3"
"385","Kyle Lowry","TOR","PG","36.2","5.8","41.6","2.8","35.2","85.7","7.5","0.6","4.5","1.4","0.4"
"386","Timothé Luwawu-Cabarrot","BRK","SG","18.1","2.5","43.5","1.3","38.8","85.2","0.6","0.6","2.1","0.4","0.1"
"387","Trey Lyles","SAS","PF","20.2","2.4","44.6","1","38.7","73.3","1.1","1.1","4.6","0.4","0.4"
"388","Daryl Macon","MIA","SG","3.5","0.3","33.3","0.3","50","0","0.3","0","0","0","0"
"389","J.P. Macura","CLE","SG","1","0","0","0","0","0","0","0","0","0","0"
"390","Josh Magette","ORL","PG","4.8","0.6","33.3","0.1","25","50","0.6","0.1","0.6","0.4","0.1"
"391","Ian Mahinmi","WAS","C","21.3","2.7","49.5","0.1","19.2","61.9","1.3","2.1","3.7","0.8","1.2"
"392","Thon Maker","DET","C","12.9","1.6","48.2","0.4","34.4","66.4","0.7","0.9","1.9","0.4","0.7"
"393","Terance Mann","LAC","SG","8.8","0.9","46.8","0.2","35","66.7","1.3","0.2","1.1","0.3","0.1"
"394","Boban Marjanović","DAL","C","9.6","2.8","57.3","0.1","23.5","75.4","0.5","1.5","3","0.2","0.2"
"395","Lauri Markkanen","CHI","PF","29.8","5","42.5","2.2","34.4","82.4","1.5","1.2","5.1","0.8","0.5"
"396","Caleb Martin","CHO","SF","17.6","2.1","44","1.1","54.1","81","1.3","0.6","1.6","0.7","0.4"
"397","Cody Martin","CHO","SF","18.8","1.9","43","0.4","23.4","64.6","2","0.8","2.5","0.8","0.2"
"398","Jeremiah Martin","BRK","PG","11","2.7","45.3","0.6","27.8","78.6","2","0.1","1","0.8","0.2"
"399","Kelan Martin","MIN","SF","16","2.3","39.2","0.8","26","96.8","0.7","0.4","2.7","0.2","0.3"
"400","Frank Mason III","MIL","PG","13.1","2.6","45.1","0.7","28.6","58.8","3.2","0.6","1.6","0.6","0.1"
"401","Garrison Mathews","WAS","SG","12.6","1.3","42.9","1.1","41.3","91.2","0.6","0.3","1","0.4","0.1"
"402","Wesley Matthews","MIL","SG","24.4","2.5","39.6","1.6","36.4","76.5","1.4","0.3","2.1","0.6","0.1"
"403","Luc Mbah a Moute","HOU","PF","8.3","0.7","40","0","0","50","0","0.3","0.3","0.7","0"
"404","Patrick McCaw","TOR","SF","24.5","1.8","41.4","0.6","32.4","72.2","2.1","0.5","1.8","1.1","0.1"
"405","CJ McCollum","POR","SG","36.5","8.7","45.1","2.8","37.9","75.7","4.4","0.7","3.6","0.8","0.6"
"406","T.J. McConnell","IND","PG","18.7","3","51.6","0.1","29.4","83.3","5","0.5","2.1","0.8","0.2"
"407","Jalen McDaniels","CHO","PF","18.3","2.1","47.1","0.6","37.5","82.4","0.8","0.9","3.1","0.5","0.2"
"408","Doug McDermott","IND","PF","19.9","3.9","48.8","1.9","43.5","82.8","1.1","0.4","2.1","0.2","0.1"
"409","JaVale McGee","LAL","C","16.6","2.9","63.7","0","50","64.6","0.5","1.8","3.9","0.5","1.4"
"410","Rodney McGruder","LAC","SG","15.6","1.3","39.8","0.4","27","55.9","0.6","0.5","2.2","0.5","0.1"
"411","Alfonzo McKinnie","CLE","SF","14.8","1.8","42.7","0.4","21.5","71","0.4","0.9","1.9","0.6","0.2"
"412","Jordan McLaughlin","MIN","PG","19.7","2.9","48.9","1","38.2","66.7","4.2","0.2","1.4","1.1","0.1"
"413","Ben McLemore","HOU","SG","22.8","3.4","44.4","2.5","40","74.6","0.8","0.3","1.9","0.6","0.2"
"414","Jordan McRae","TOT","SG","21.2","4","40.7","1.2","35.7","76.1","2.5","0.5","2.9","0.6","0.4"
"415","Jordan McRae","WAS","SG","22.6","4.6","42","1.4","37.7","77.1","2.8","0.6","3","0.7","0.5"
"416","Jordan McRae","DEN","SG","8","0.5","33.3","0.5","50","75","1","0.3","1","0.5","0.3"
"417","Jordan McRae","DET","SG","24.5","3.5","32.6","0.8","18.8","72.7","1.8","0","3.8","0","0"
"418","Nicolò Melli","NOP","C","17.4","2.3","42.1","1.2","33.5","74","1.4","0.6","2.4","0.6","0.4"
"419","De'Anthony Melton","MEM","PG","19.5","2.7","40.1","0.7","28.6","76.9","2.9","0.7","3","1.3","0.3"
"420","Chimezie Metu","SAS","PF","5.8","1.3","57.1","0","0","76.9","0.6","0.7","1.2","0.2","0.3"
"421","Khris Middleton","MIL","SF","29.9","7.6","49.7","2.4","41.5","91.6","4.3","0.7","5.5","0.9","0.1"
"422","Eric Mika","SAC","PF","19","2","66.7","0","0","100","0","2","5","0","0"
"423","C.J. Miles","WAS","SG","16.1","1.9","32.2","1.1","31.4","75","1.2","0.4","0.8","1","0.4"
"424","Malcolm Miller","TOR","SF","5.8","0.4","41.4","0.3","36.4","37.5","0.4","0.1","0.5","0.2","0.1"
"425","Patty Mills","SAS","PG","22.5","3.9","43.1","2.3","38.2","86.6","1.8","0.3","1.3","0.8","0.1"
"426","Paul Millsap","DEN","PF","24.3","4.1","48.2","1.1","43.5","81.6","1.6","1.9","3.8","0.9","0.6"
"427","Shake Milton","PHI","SG","20.1","3.4","48.4","1.5","43","78.5","2.6","0.4","1.8","0.5","0.2"
"428","Donovan Mitchell","UTA","SG","34.3","8.7","44.9","2.5","36.6","86.3","4.3","0.8","3.6","1","0.2"
"429","Naz Mitrou-Long","IND","SG","9.4","1.2","35.3","0.4","16.7","0","1.6","0","1.4","0.2","0.2"
"430","Adam Mokoka","CHI","SG","10.2","1.1","42.9","0.5","40","50","0.4","0.6","0.3","0.4","0"
"431","Malik Monk","CHO","SG","21.3","3.9","43.4","1.1","28.4","82","2.1","0.5","2.4","0.5","0.3"
"432","Matt Mooney","CLE","SG","4.8","0.3","25","0","0","0","0.3","0","0.8","0.5","0.3"
"433","E'Twaun Moore","NOP","SG","18.2","3.3","42.6","1.1","37.7","68.9","1.4","0.6","1.8","0.6","0.2"
"434","Ja Morant","MEM","PG","31","6.7","47.7","0.9","33.5","77.6","7.3","0.8","3.1","0.9","0.3"
"435","Juwan Morgan","UTA","PF","6.4","0.7","57.7","0.1","37.5","75","0.3","0.5","0.9","0","0.1"
"436","Marcus Morris","TOT","SF-PF","31.2","5.7","43.8","2.3","40.8","82.3","1.4","1","4.1","0.8","0.5"
"437","Marcus Morris","NYK","SF","32.3","6.5","44.2","2.7","43.9","82.3","1.4","1.1","4.3","0.8","0.4"
"438","Marcus Morris","LAC","PF","28.9","3.9","42.5","1.4","31","81.8","1.4","0.6","3.5","0.7","0.7"
"439","Markieff Morris","TOT","PF","20.5","3.5","44.3","1.5","38.6","77.6","1.3","0.7","3.1","0.5","0.3"
"440","Markieff Morris","DET","PF","22.5","4","45","1.7","39.7","77.2","1.6","0.5","3.4","0.6","0.3"
"441","Markieff Morris","LAL","PF","14.2","2","40.6","0.9","33.3","83.3","0.6","1.1","2.1","0.4","0.4"
"442","Monte Morris","DEN","PG","22.4","3.6","45.9","0.9","37.8","84.3","3.5","0.3","1.5","0.8","0.2"
"443","Johnathan Motley","LAC","PF","3.2","0.8","73.3","0.1","100","71.4","0.6","0.2","0.5","0.2","0"
"444","Emmanuel Mudiay","UTA","PG","15.7","2.8","46.2","0.6","34.5","75.9","2.1","0.3","2","0.4","0.2"
"445","Mychal Mulder","GSW","SG","29.1","3.7","38.8","2.3","30.8","75","1.1","0.4","2.9","0.3","0.1"
"446","Dejounte Murray","SAS","PG","25.6","4.5","46.2","0.6","36.9","79.8","4.1","1","4.8","1.7","0.3"
"447","Jamal Murray","DEN","PG","32.3","6.9","45.6","1.9","34.6","88.1","4.8","0.8","3.2","1.1","0.3"
"448","Džanan Musa","BRK","SF","12.2","1.6","37.2","0.5","24.4","75","1.1","0.5","1.6","0.4","0"
"449","Mike Muscala","OKC","C","12.2","1.6","40.7","1.1","37.8","81.8","0.9","0.3","2","0.2","0.3"
"450","Sviatoslav Mykhailiuk","DET","SF","22.6","3","41","2.1","40.4","81.4","1.9","0.3","1.6","0.7","0.1"
"451","Abdel Nader","OKC","SF","15.8","2.2","46.8","0.9","37.5","77.3","0.7","0.3","1.6","0.4","0.4"
"452","Larry Nance Jr.","CLE","C","26.3","4.1","53.1","1","35.2","67.6","2.2","1.9","5.4","1","0.4"
"453","Shabazz Napier","TOT","PG","24","3.4","41.2","1.4","31.7","82.4","4.7","0.5","2.4","1.2","0.2"
"454","Shabazz Napier","MIN","PG","23.8","3.2","40.3","1.3","29.6","81.8","5.2","0.5","2.6","1.1","0.2"
"455","Shabazz Napier","WAS","PG","24.4","3.7","42.8","1.5","35.8","83.1","3.8","0.5","2","1.5","0.2"
"456","Raul Neto","PHI","PG","12.4","1.9","45.5","0.6","38.6","83","1.8","0.2","0.9","0.4","0.1"
"457","Malik Newman","CLE","SG","4","0","0","0","0","100","0","0","0","0","0"
"458","Georges Niang","UTA","PF","14","2.1","43.8","1.4","40","83.3","0.7","0.2","1.7","0.3","0.1"
"459","Joakim Noah","LAC","C","10","0.8","50","0","0","75","1.4","1","2.2","0.2","0.2"
"460","Nerlens Noel","OKC","C","18.5","3","68.4","0","33.3","75.5","0.9","1.5","3.4","1","1.5"
"461","Zach Norvell","TOT","SG","8.2","0.6","25","0.6","37.5","100","0.6","0","1.2","0.4","0"
"462","Zach Norvell","LAL","SG","2.5","0","0","0","0","0","0","0","0.5","0","0"
"463","Zach Norvell","GSW","SG","12","1","27.3","1","37.5","100","1","0","1.7","0.7","0"
"464","Jaylen Nowell","MIN","SG","10.1","1.3","35.8","0.2","11.5","94.1","1.3","0.2","0.7","0.2","0.1"
"465","Frank Ntilikina","NYK","PG","20.8","2.3","39.3","0.8","32.1","86.4","3","0.4","1.7","0.9","0.3"
"466","Kendrick Nunn","MIA","SG","29.3","6","43.9","2","35","85","3.3","0.3","2.4","0.8","0.2"
"467","Jusuf Nurkić","POR","C","31.6","6.8","49.5","0.3","20","88.6","4","2.9","7.4","1.4","2"
"468","David Nwaba","BRK","SF","13.4","1.9","52.1","0.6","42.9","66.7","0.4","0.4","1.9","0.6","0.6"
"469","Royce O'Neale","UTA","PF","28.9","2.2","43.3","1.3","37.7","76.4","2.5","0.4","5.1","0.8","0.5"
"470","Kyle O'Quinn","PHI","C","10.8","1.4","49.4","0.2","25.9","55","1.8","1.2","2.8","0.2","0.8"
"471","Semi Ojeleye","BOS","PF","14.7","1.2","40.8","0.7","37.8","87.5","0.5","0.4","1.7","0.3","0.1"
"472","Jahlil Okafor","NOP","C","15.6","3.4","62.3","0","33.3","64.5","1.2","1.6","2.6","0.2","0.7"
"473","Elie Okobo","PHO","PG","13.1","1.3","39.8","0.5","35.2","70.4","2.1","0.3","1.3","0.4","0.1"
"474","Josh Okogie","MIN","SG","25","2.7","42.7","0.7","26.6","79.6","1.6","1.4","2.9","1.1","0.4"
"475","KZ Okpala","MIA","SF","5.2","0.6","60","0","0","50","0.2","0.2","0.8","0.4","0.2"
"476","Victor Oladipo","IND","SG","27.8","5.1","39.4","1.7","31.7","81.4","2.9","0.5","3.5","0.9","0.2"
"477","Kelly Olynyk","MIA","C","19.4","2.7","46.2","1.4","40.6","86","1.7","0.7","3.9","0.7","0.3"
"478","Miye Oni","UTA","SG","10.9","1.2","37.5","0.7","36.8","80","0.4","0.5","1.2","0.4","0.2"
"479","Cedi Osman","CLE","SF","29.4","4.1","43.7","1.9","38.3","67","2.4","0.6","3","0.8","0.2"
"480","Kelly Oubre Jr.","PHO","SF","34.5","6.7","45.2","1.9","35.2","78","1.5","1.2","5.3","1.3","0.7"
"481","Tariq Owens","PHO","PF","5","0.3","20","0","0","100","0","0.7","0.3","0.3","0"
"482","Jeremy Pargo","GSW","PG","14.7","3.7","50","1","42.9","0","2.7","0.3","0.7","0.3","0"
"483","Jabari Parker","TOT","PF","24.1","5.8","51","0.8","26.9","75.3","1.8","1.6","4","1.2","0.4"
"484","Jabari Parker","ATL","PF","26.2","6.2","50.4","1","27","73.6","1.8","1.7","4.3","1.3","0.5"
"485","Jabari Parker","SAC","PF","13.3","3.5","58.3","0.2","25","88.9","1.7","1.2","2.7","0.5","0.2"
"486","Chandler Parsons","ATL","SF","10.8","1","27.8","0.8","28.6","0","0.6","0.2","1.2","0.8","0.2"
"487","Eric Paschall","GSW","PF","27.6","5.3","49.7","0.6","28.7","77.4","2.1","1.4","3.2","0.5","0.2"
"488","Anžejs Pasečņiks","WAS","C","16.2","2.3","52.6","0","0","58.6","0.7","1.6","2.4","0.3","0.4"
"489","Patrick Patterson","LAC","PF","13.2","1.6","40.8","1.1","39","81.4","0.7","0.6","2","0.1","0.1"
"490","Justin Patton","OKC","C","4.8","0.8","40","0.2","25","0","0.4","0.2","0.8","0","0"
"491","Chris Paul","OKC","PG","31.5","6.2","48.9","1.6","36.5","90.7","6.7","0.4","4.6","1.6","0.2"
"492","Cameron Payne","PHO","PG","22.9","4.1","48.5","1.9","51.7","85.7","3","0.5","3.4","1","0.3"
"493","Elfrid Payton","NYK","PG","27.7","4.3","43.9","0.3","20.3","57","7.2","1.2","3.6","1.6","0.4"
"494","Gary Payton II","WAS","PG","14.9","1.7","41.4","0.4","28.3","50","1.7","0.9","1.9","1.1","0.2"
"495","Norvel Pelle","PHI","C","9.7","1","52.1","0","0","50","0.3","0.8","2.2","0.1","1.3"
"496","Theo Pinson","BRK","SG","11.1","1.4","29","0.5","18.8","93.8","1.7","0.3","1.3","0.5","0.1"
"497","Mason Plumlee","DEN","C","17.3","2.9","61.5","0","0","53.5","2.5","1.6","3.6","0.5","0.6"
"498","Jakob Poeltl","SAS","C","17.7","2.5","62.4","0","0","46.5","1.8","2","3.7","0.6","1.4"
"499","Vincent Poirier","BOS","C","5.9","0.8","47.2","0","50","85.7","0.4","0.6","1.4","0.1","0.4"
"500","Shamorie Ponds","TOR","PG","2.8","0.8","60","0.3","50","100","0.5","0","0.3","0","0.3"
"501","Jordan Poole","GSW","SG","22.4","2.9","33.3","1.3","27.9","79.8","2.4","0.2","1.9","0.6","0.2"
"502","Kevin Porter Jr.","CLE","SF","23.2","3.7","44.2","1.1","33.5","72.3","2.2","0.4","2.8","0.9","0.3"
"503","Michael Porter Jr.","DEN","PF","16.4","3.5","50.9","1.1","42.2","83.3","0.8","1.2","3.5","0.5","0.5"
"504","Otto Porter","CHI","SF","23.6","4.4","44.3","1.7","38.7","70.4","1.8","0.9","2.5","1.1","0.4"
"505","Bobby Portis","NYK","C","21.1","4","45","1","35.8","76.3","1.5","1.2","3.9","0.5","0.3"
"506","Kristaps Porziņģis","DAL","PF","31.8","7","42.7","2.5","35.2","79.9","1.8","1.8","7.7","0.7","2"
"507","Dwight Powell","DAL","C","26.5","3.7","63.8","0.3","25.6","66.7","1.5","1.9","3.8","0.9","0.6"
"508","Norman Powell","TOR","SG","28.4","5.7","49.5","2.1","39.9","84.3","1.8","0.5","3.2","1.2","0.4"
"509","Chasson Randle","GSW","PG","13.3","0","0","0","0","83.3","1.7","0","0.7","0.7","0"
"510","Julius Randle","NYK","PF","32.5","7.2","46","1","27.7","73.3","3.1","2.4","7.4","0.8","0.3"
"511","Josh Reaves","DAL","SG","7","0.8","33.3","0","0","100","0.8","0.3","0.5","0","0"
"512","Cam Reddish","ATL","SF","26.7","3.7","38.4","1.4","33.2","80.2","1.5","0.6","3.1","1.1","0.5"
"513","J.J. Redick","NOP","SG","26.4","4.8","45.3","3","45.3","89.2","2","0.2","2.4","0.3","0.2"
"514","Naz Reid","MIN","C","16.5","3.3","41.2","1.1","33","69.8","1.2","1.1","3","0.6","0.7"
"515","Josh Richardson","PHI","SG","30.8","5.1","43","1.5","34.1","80.9","2.9","0.7","2.4","0.9","0.7"
"516","Austin Rivers","HOU","SG","23.4","3.1","42.1","1.4","35.6","70.3","1.7","0.4","2.2","0.7","0.1"
"517","Andre Roberson","OKC","SG","12.4","1.1","27.6","0.4","21.4","50","0.6","1","2.9","0.1","0.4"
"518","Duncan Robinson","MIA","SF","29.7","4.4","47","3.7","44.6","93.1","1.4","0.1","3","0.5","0.3"
"519","Glenn Robinson III","TOT","SF","28.8","4.6","48.6","1.2","39.1","86","1.5","1.3","3","0.9","0.3"
"520","Glenn Robinson III","GSW","SF","31.6","5.1","48.1","1.4","40","85.1","1.8","1.4","3.3","0.9","0.3"
"521","Glenn Robinson III","PHI","SF","19.3","3.1","51.8","0.6","33.3","91.7","0.8","1.1","2.1","0.6","0.1"
"522","Jerome Robinson","TOT","SG","15.5","1.8","37.1","0.8","32","70.2","1.4","0.2","1.8","0.4","0.3"
"523","Jerome Robinson","LAC","SG","11.3","1.1","33.8","0.5","28.4","57.9","1.1","0.1","1.3","0.3","0.2"
"524","Jerome Robinson","WAS","SG","24","3.3","39.7","1.4","34.9","76.3","2","0.4","2.9","0.7","0.4"
"525","Justin Robinson","WAS","PG","5.4","0.6","41.7","0.3","60","0","0.8","0.1","0.4","0","0.1"
"526","Mitchell Robinson","NYK","C","23.1","4.1","74.2","0","0","56.8","0.6","3","4","0.9","2"
"527","Isaiah Roby","OKC","SF","3.7","0","0","0","0","0","0","0","0.7","0","0"
"528","Rajon Rondo","LAL","PG","20.5","2.9","41.8","0.9","32.8","65.9","5","0.5","2.5","0.8","0"
"529","Derrick Rose","DET","PG","26","7.4","49","0.9","30.6","87.1","5.6","0.5","1.9","0.8","0.3"
"530","Terrence Ross","ORL","SG","27.4","4.9","40.3","2.6","35.1","85.3","1.2","0.2","3","1.1","0.3"
"531","Terry Rozier","CHO","PG","34.3","6.3","42.3","2.7","40.7","87.4","4.1","0.8","3.6","1","0.2"
"532","Ricky Rubio","PHO","PG","31","4.4","41.5","1.2","36.1","86.3","8.8","0.7","4","1.4","0.2"
"533","D'Angelo Russell","TOT","PG","32.3","8","42.6","3.5","36.7","80.9","6.3","0.4","3.6","1.1","0.3"
"534","D'Angelo Russell","GSW","PG","32.1","8.3","43","3.6","37.4","78.5","6.2","0.4","3.3","0.9","0.3"
"535","D'Angelo Russell","MIN","PG","32.7","7.3","41.2","3.2","34.5","87.3","6.6","0.3","4.3","1.4","0.3"
"536","Domantas Sabonis","IND","PF","34.8","7.4","54","0.3","25.4","72.3","5","3","9.4","0.8","0.5"
"537","Luka Šamanić","SAS","PF","16","1.7","31.3","1","37.5","75","2","0.3","3","0","0.7"
"538","JaKarr Sampson","IND","SF","13.9","2","59.1","0.1","15.4","66.7","0.6","0.6","2","0.5","0.4"
"539","Dario Šarić","PHO","PF","24.7","3.9","47.6","1.3","35.7","84.4","1.9","1.5","4.6","0.6","0.2"
"540","Tomáš Satoranský","CHI","PG","28.9","3.6","43","1","32.2","87.6","5.4","1.2","2.7","1.2","0.1"
"541","Admiral Schofield","WAS","SF","11.2","1.1","38","0.6","31.1","66.7","0.5","0.2","1.2","0.2","0.1"
"542","Dennis Schröder","OKC","PG","30.8","7","46.9","1.9","38.5","83.9","4","0.3","3.3","0.7","0.2"
"543","Mike Scott","PHI","PF","17.8","2.2","42.6","1.2","36.9","81.1","0.8","1","2.7","0.3","0.1"
"544","Thabo Sefolosha","HOU","PF","10.6","0.9","40.7","0.4","27.8","37.5","0.6","0.5","1.8","0.6","0.3"
"545","Collin Sexton","CLE","SG","33","7.9","47.2","1.5","38","84.6","3","0.9","2.2","1","0.1"
"546","Landry Shamet","LAC","SG","27.4","3","40.4","2.1","37.5","85.5","1.9","0.1","1.8","0.4","0.2"
"547","Marial Shayok","PHI","SG","7","0.8","25","0.5","33.3","75","0.3","0.3","1.5","0","0.3"
"548","Iman Shumpert","BRK","SG","18.5","1.6","32.8","0.6","24.2","57.1","0.9","0.7","1.9","0.9","0.2"
"549","Pascal Siakam","TOR","PF","35.2","8.3","45.3","2.2","35.9","79.2","3.5","1.1","6.3","1","0.9"
"550","Chris Silva","MIA","PF","7.9","1.1","61.5","0","0","67.3","0.5","1.4","1.5","0.2","0.5"
"551","Ben Simmons","PHI","PG","35.4","6.6","58","0","28.6","62.1","8","2","5.8","2.1","0.6"
"552","Anfernee Simons","POR","SG","20.7","3.1","39.9","1.1","33.2","82.6","1.4","0.4","1.8","0.4","0.1"
"553","Alen Smailagić","GSW","PF","9.9","1.4","50","0.2","23.1","84.2","0.9","0.7","1.2","0.2","0.3"
"554","Marcus Smart","BOS","SG","32","4.3","37.5","2.3","34.7","83.6","4.9","0.7","3.1","1.7","0.5"
"555","Dennis Smith Jr.","NYK","PG","15.8","2.1","34.1","0.5","29.6","50.9","2.9","0.6","1.7","0.8","0.2"
"556","Ish Smith","WAS","PG","26.3","4.5","44.7","0.9","36.7","72.1","4.9","0.4","2.8","0.9","0.4"
"557","J.R. Smith","LAL","SG","13.2","1.2","31.8","0.2","9.1","100","0.5","0","0.8","0.2","0"
"558","Zhaire Smith","PHI","SG","4.6","0.4","27.3","0","0","50","0.3","0","0.3","0.4","0"
"559","Tony Snell","DET","SF","27.8","2.9","44.5","1.7","40.2","100","2.2","0.2","1.7","0.5","0.3"
"560","Omari Spellman","GSW","PF","18.1","2.6","43.1","0.9","39.1","79.3","1","1.6","2.9","0.7","0.5"
"561","Max Strus","CHI","SG","3","1","66.7","0","0","100","0","0.5","0","0","0"
"562","Edmond Sumner","IND","PG","14.4","2","43","0.5","26.4","55.2","1.8","0.4","1.1","0.5","0.3"
"563","Caleb Swanigan","TOT","PF","10.7","1","59.6","0","0","52.9","1.1","1","2.7","0.1","0.3"
"564","Caleb Swanigan","SAC","PF","3.3","0.3","50","0","0","50","0.3","0.3","0.7","0.1","0.3"
"565","Caleb Swanigan","POR","PF","13.3","1.3","60.5","0","0","53.3","1.5","1.3","3.4","0.1","0.3"
"566","Jayson Tatum","BOS","PF","34.3","8.4","45","2.9","40.3","81.2","3","1","6","1.4","0.9"
"567","Jeff Teague","TOT","PG","24.8","3.6","43.6","0.7","36.8","87.3","5.2","0.5","1.9","0.7","0.3"
"568","Jeff Teague","MIN","PG","27.8","4.3","44.8","1","37.9","86.8","6.1","0.4","2.1","0.7","0.4"
"569","Jeff Teague","ATL","PG","20.8","2.7","41.2","0.4","33.3","88.7","4","0.5","1.7","0.8","0.2"
"570","Garrett Temple","BRK","SG","27.9","3.6","37.8","2","32.9","80.5","2.5","0.5","3","0.8","0.5"
"571","Daniel Theis","BOS","C","24.1","3.7","56.6","0.5","33.3","76.3","1.7","2.2","4.4","0.6","1.3"
"572","Isaiah Thomas","WAS","PG","23.1","4.4","40.8","2","41.3","81.6","3.7","0.3","1.4","0.3","0.2"
"573","Khyri Thomas","DET","SG","7.6","0.6","29.4","0.6","35.7","50","0.4","0.1","0","0.4","0"
"574","Lance Thomas","BRK","SF","14","1.1","34.8","0.6","30.8","100","0.9","0.3","1.6","0","0"
"575","Matt Thomas","TOR","SG","10.7","1.8","48.7","1.1","47.5","75","0.5","0.2","1.3","0.2","0"
"576","Tristan Thompson","CLE","C","30.2","5.1","51.2","0.2","39.1","61.5","2.1","4","6.2","0.6","0.9"
"577","Sindarius Thornwell","NOP","SG","17.5","3","54.5","1","50","50","2","0","2","0.5","0.5"
"578","Matisse Thybulle","PHI","SG","19.8","1.7","42.3","0.9","35.7","61","1.2","0.7","1","1.4","0.7"
"579","Anthony Tolliver","TOT","PF","15.9","1.2","35.7","0.9","33.8","72.4","0.8","0.6","2.2","0.3","0.2"
"580","Anthony Tolliver","POR","PF","16.8","1.3","36.8","0.9","33.7","68.4","0.9","0.8","2.5","0.2","0.3"
"581","Anthony Tolliver","SAC","PF","9.1","0.3","17.6","0.2","13.3","50","0.3","0.2","1","0.4","0.1"
"582","Anthony Tolliver","MEM","PF","18.2","1.5","39.6","1.3","41.5","87.5","0.8","0.4","2.2","0.5","0.1"
"583","Juan Toscano-Anderson","GSW","SF","20.9","2.2","46","0.6","34.8","60","2","0.7","3.3","1","0.4"
"584","Karl-Anthony Towns","MIN","C","33.9","9","50.8","3.3","41.2","79.6","4.4","2.7","8.1","0.9","1.2"
"585","Gary Trent Jr.","POR","SG","21.8","3.2","44.4","1.8","41.8","82.2","1","0.4","1.2","0.8","0.3"
"586","Allonzo Trier","NYK","PG","12.1","2.1","48.1","0.8","35.8","79.1","1.2","0.3","1","0.1","0.2"
"587","P.J. Tucker","HOU","PF","34.3","2.5","41.5","1.5","35.8","81.3","1.6","1.6","5.1","1.1","0.5"
"588","Rayjon Tucker","UTA","SG","8.1","1","46.5","0.2","17.6","82.6","0.3","0.2","0.9","0.1","0.1"
"589","Evan Turner","ATL","PG","13.2","1.3","37.3","0","0","85.7","2","0.4","1.6","0.5","0.4"
"590","Myles Turner","IND","C","29.5","4.3","45.7","1.4","34.4","75.1","1.2","1.4","5.2","0.7","2.1"
"591","Jarrod Uthoff","TOT","SF","7.6","1","38.9","0.4","33.3","100","0","0.3","0.6","0.1","0"
"592","Jarrod Uthoff","MEM","SF","3.5","0.3","14.3","0","0","100","0","0.3","0","0.3","0"
"593","Jarrod Uthoff","WAS","SF","13","2","54.5","1","60","0","0","0.3","1.3","0","0"
"594","Jonas Valančiūnas","MEM","C","26.4","6.2","58.5","0.5","35.2","74","1.9","3","8.2","0.4","1.1"
"595","Denzel Valentine","CHI","SF","13.6","2.7","40.9","1.3","33.6","75","1.2","0.3","1.8","0.7","0.2"
"596","Jarred Vanderbilt","TOT","SF-PF","4.2","0.5","62.5","0","0","100","0.2","0.3","0.5","0.3","0.1"
"597","Jarred Vanderbilt","DEN","SF","4.6","0.6","71.4","0","0","0","0.2","0.3","0.6","0.3","0.1"
"598","Jarred Vanderbilt","MIN","PF","2.5","0","0","0","0","100","0","0","0.5","0","0"
"599","Fred VanVleet","TOR","PG","35.7","5.9","41.3","2.7","39","84.8","6.6","0.3","3.4","1.9","0.3"
"600","Gabe Vincent","MIA","PG","9.2","0.9","21.6","0.7","22.2","0","0.7","0","0.6","0.6","0"
"601","Noah Vonleh","TOT","C-PF","10.5","1.4","56.5","0.1","20","78.1","0.8","1","2.4","0.3","0.2"
"602","Noah Vonleh","MIN","C","12","1.6","54.7","0.1","14.3","82.1","0.9","1.2","2.8","0.4","0.2"
"603","Noah Vonleh","DEN","PF","4.3","0.7","83.3","0.1","100","50","0.3","0.4","0.7","0","0"
"604","Nikola Vučević","ORL","C","32.2","8","47.7","1.6","33.9","78.4","3.6","2.3","8.6","0.9","0.8"
"605","Dean Wade","CLE","PF","5.9","0.8","69.2","0.2","50","0","0.2","0.3","1.3","0.2","0.3"
"606","Moritz Wagner","WAS","C","18.6","3.2","54.5","0.6","31.3","82.1","1.2","1.2","3.6","0.6","0.4"
"607","Dion Waiters","TOT","SG","20.7","4.1","41.4","1.5","31.9","82.4","2","0.2","2.2","0.4","0.6"
"608","Dion Waiters","MIA","SG","14","3.3","38.5","2.7","47.1","0","1","0","3.7","0","0.7"
"609","Dion Waiters","LAL","SG","23.6","4.4","42.5","1","23.3","87.5","2.4","0.3","1.6","0.6","0.6"
"610","Kemba Walker","BOS","PG","31.1","6.8","42.5","3.2","38.1","86.4","4.8","0.6","3.2","0.9","0.5"
"611","Lonnie Walker","SAS","SG","16.2","2.5","42.6","0.7","40.6","72.1","1.1","0.4","1.9","0.5","0.2"
"612","Tyrone Wallace","ATL","SG","11.4","1","31.8","0.1","6.7","64.7","0.9","0.2","1.4","0.5","0.1"
"613","Taurean Prince","BRK","SF","29","4.3","37.6","2.3","33.9","79.8","1.8","0.8","5.2","0.9","0.4"
"614","Derrick Walton","TOT","PG","9.5","0.7","46.2","0.4","41.7","77.8","1","0.1","0.5","0.3","0"
"615","Derrick Walton","LAC","PG","9.7","0.7","47.2","0.4","42.9","77.8","1","0.1","0.6","0.2","0"
"616","Derrick Walton","DET","PG","8.7","0.3","33.3","0.3","33.3","0","1.7","0","0.3","1","0"
"617","Brad Wanamaker","BOS","PG","19.3","2.3","44.8","0.5","36.3","92.6","2.5","0.3","1.7","0.9","0.2"
"618","T.J. Warren","IND","SF","32.9","8","53.6","1.4","40.3","81.9","1.5","1","3.2","1.2","0.5"
"619","P.J. Washington","CHO","PF","30.3","4.6","45.5","1.5","37.4","64.7","2.1","1","4.4","0.9","0.8"
"620","Yuta Watanabe","MEM","SG","5.8","0.8","44.1","0.2","37.5","37.5","0.3","0.4","0.7","0.3","0.1"
"621","Tremont Waters","BOS","PG","10.8","1.3","28.6","0.4","16.7","100","1.5","0","1.1","0.9","0.2"
"622","Paul Watson","TOT","SF-SG","8.7","1","38.5","0.4","33.3","77.8","0.8","0.2","1.5","0.4","0.1"
"623","Paul Watson","ATL","SG","8.5","0","0","0","0","0","1.5","0","1","0.5","0"
"624","Paul Watson","TOR","SF","8.8","1.3","52.6","0.5","44.4","77.8","0.6","0.3","1.6","0.4","0.1"
"625","Quinndary Weatherspoon","SAS","SG","7.1","0.5","29.4","0.1","20","50","1","0.1","0.5","0.3","0.1"
"626","Russell Westbrook","HOU","PG","35.9","10.6","47.2","1","25.8","76.3","7","1.8","6.2","1.6","0.4"
"627","Coby White","CHI","SG","25.8","4.8","39.4","2","35.4","79.1","2.7","0.4","3.1","0.8","0.1"
"628","Derrick White","SAS","SG","24.7","3.7","45.8","1.2","36.6","85.3","3.5","0.5","2.8","0.6","0.9"
"629","Hassan Whiteside","POR","C","30","6.5","62.1","0.1","57.1","68.6","1.2","3.9","9.7","0.4","2.9"
"630","Andrew Wiggins","TOT","SF-SG","34.4","8.1","44.7","2.1","33.2","70.9","3.7","1.2","3.9","0.8","1"
"631","Andrew Wiggins","MIN","SF","34.6","8.4","44.4","2.2","33.1","72","3.7","1.1","4.1","0.7","0.9"
"632","Andrew Wiggins","GSW","SG","33.6","7.2","45.7","1.7","33.9","67.2","3.6","1.5","3.1","1.3","1.4"
"633","Grant Williams","BOS","PF","15.1","1.3","41.2","0.3","25","72.2","1","0.9","1.7","0.4","0.5"
"634","Johnathan Williams","WAS","C","12","1.3","55.9","0","0","53.8","0.5","1.6","2.7","0.1","0.5"
"635","Kenrich Williams","NOP","PF","21.3","1.3","34.7","0.6","25.8","34.6","1.5","1.3","3.5","0.7","0.5"
"636","Lou Williams","LAC","SG","28.7","6","41.8","1.7","35.2","86.1","5.6","0.5","2.6","0.7","0.2"
"637","Marvin Williams","TOT","PF","19.5","2.1","44.6","1","35.9","86","1","0.5","2.6","0.6","0.5"
"638","Marvin Williams","CHO","PF","19.7","2.3","44.8","1.1","37.6","86","1","0.4","2.3","0.6","0.5"
"639","Marvin Williams","MIL","PF","18.9","1.5","43.9","0.7","30.8","85.7","1.1","0.9","3.5","0.6","0.5"
"640","Robert Williams","BOS","C","13.4","2.2","72.7","0","0","64.7","0.9","1.4","3","0.8","1.2"
"641","Nigel Williams-Goss","UTA","PG","5","0.5","31.3","0.2","28.6","100","0.6","0.2","0.4","0.3","0.1"
"642","Zion Williamson","NOP","PF","27.8","8.8","58.3","0.3","42.9","64","2.1","2.7","3.6","0.7","0.4"
"643","D.J. Wilson","MIL","PF","9.8","1.4","39.4","0.5","24.7","61.1","0.7","0.3","2.2","0.1","0.1"
"644","Justise Winslow","MIA","SF","32","4.5","38.8","0.5","22.2","66.7","4","1.5","5.2","0.6","0.5"
"645","Christian Wood","DET","PF","21.4","4.6","56.7","0.9","38.6","74.4","1","1.7","4.6","0.5","0.9"
"646","Delon Wright","DAL","SG","21.5","2.6","46.2","0.6","37","77","3.3","1","2.9","1.2","0.3"
"647","Justin Wright-Foreman","UTA","PG","11.3","1.8","35","0.5","20","75","1.8","0","1.3","0.5","0"
"648","Thaddeus Young","CHI","PF","24.9","4.2","44.8","1.2","35.6","58.3","1.8","1.5","3.5","1.4","0.4"
"649","Trae Young","ATL","PG","35.3","9.1","43.7","3.4","36.1","86","9.3","0.5","3.7","1.1","0.1"
"650","Cody Zeller","CHO","C","23.1","4.3","52.4","0.3","24","68.2","1.5","2.8","4.3","0.7","0.4"
"651","Tyler Zeller","SAS","C","2","0.5","25","0","0","0","0","1.5","0.5","0","0"
"652","Ante Žižić","CLE","C","10","1.9","56.9","0","0","73.7","0.3","0.8","2.2","0.3","0.2"
"653","Ivica Zubac","LAC","C","18.4","3.3","61.3","0","0","74.7","1.1","2.7","4.8","0.2","0.9"
